domain,zone,status,summary
aa.ml,ml,undelegated,country geo
ab.ml,ml,undelegated,country geo
ac.ml,ml,unknown,country geo
ad.ml,ml,undelegated,country geo
ae.ml,ml,undelegated,country geo
af.ml,ml,active,country geo
ag.ml,ml,undelegated,country geo
ah.ml,ml,undelegated,country geo
ai.ml,ml,active,country geo
aj.ml,ml,undelegated,country geo
ak.ml,ml,undelegated,country geo
al.ml,ml,undelegated,country geo
am.ml,ml,undelegated,country geo
an.ml,ml,undelegated,country geo
ao.ml,ml,undelegated,country geo
ap.ml,ml,undelegated,country geo
aq.ml,ml,undelegated,country geo
ar.ml,ml,undelegated,country geo
as.ml,ml,undelegated,country geo
at.ml,ml,undelegated,country geo
au.ml,ml,undelegated,country geo
av.ml,ml,undelegated,country geo
aw.ml,ml,undelegated,country geo
ax.ml,ml,undelegated,country geo
ay.ml,ml,unknown,country geo
az.ml,ml,undelegated,country geo
ba.ml,ml,undelegated,country geo
bb.ml,ml,undelegated,country geo
bc.ml,ml,,country geo
bd.ml,ml,unknown,country geo
be.ml,ml,undelegated,country geo
bf.ml,ml,,country geo
bg.ml,ml,undelegated,country geo
bh.ml,ml,undelegated,country geo
bi.ml,ml,undelegated,country geo
bj.ml,ml,undelegated,country geo
bk.ml,ml,unknown,country geo
bl.ml,ml,undelegated,country geo
bm.ml,ml,unknown,country geo
bn.ml,ml,undelegated,country geo
bo.ml,ml,undelegated,country geo
bp.ml,ml,undelegated,country geo
bq.ml,ml,undelegated,country geo
br.ml,ml,undelegated,country geo
bs.ml,ml,undelegated,country geo
bt.ml,ml,undelegated,country geo
bu.ml,ml,undelegated,country geo
bv.ml,ml,undelegated,country geo
bw.ml,ml,undelegated,country geo
bx.ml,ml,undelegated,country geo
by.ml,ml,unknown,country geo
bz.ml,ml,undelegated,country geo
ca.ml,ml,undelegated,country geo
cb.ml,ml,undelegated,country geo
cc.ml,ml,undelegated,country geo
cd.ml,ml,undelegated,country geo
ce.ml,ml,undelegated,country geo
cf.ml,ml,undelegated,country geo
cg.ml,ml,undelegated,country geo
ch.ml,ml,undelegated,country geo
ci.ml,ml,undelegated,country geo
cj.ml,ml,undelegated,country geo
ck.ml,ml,undelegated,country geo
cl.ml,ml,undelegated,country geo
cm.ml,ml,undelegated,country geo
cn.ml,ml,,country geo
co.ml,ml,active,country geo
cp.ml,ml,undelegated,country geo
cq.ml,ml,undelegated,country geo
cr.ml,ml,undelegated,country geo
cs.ml,ml,undelegated,country geo
ct.ml,ml,undelegated,country geo
cu.ml,ml,unknown,country geo
cv.ml,ml,undelegated,country geo
cw.ml,ml,undelegated,country geo
cx.ml,ml,undelegated,country geo
cy.ml,ml,undelegated,country geo
cz.ml,ml,undelegated,country geo
da.ml,ml,undelegated,country geo
db.ml,ml,undelegated,country geo
dc.ml,ml,undelegated,country geo
dd.ml,ml,undelegated,country geo
de.ml,ml,undelegated,country geo
df.ml,ml,undelegated,country geo
dg.ml,ml,undelegated,country geo
dh.ml,ml,undelegated,country geo
di.ml,ml,unknown,country geo
dj.ml,ml,undelegated,country geo
dk.ml,ml,undelegated,country geo
dl.ml,ml,undelegated,country geo
dm.ml,ml,undelegated,country geo
dn.ml,ml,undelegated,country geo
do.ml,ml,undelegated,country geo
dp.ml,ml,unknown,country geo
dq.ml,ml,undelegated,country geo
dr.ml,ml,unknown,country geo
ds.ml,ml,unknown,country geo
dt.ml,ml,undelegated,country geo
du.ml,ml,undelegated,country geo
dv.ml,ml,unknown,country geo
dw.ml,ml,undelegated,country geo
dx.ml,ml,undelegated,country geo
dy.ml,ml,undelegated,country geo
dz.ml,ml,undelegated,country geo
ea.ml,ml,unknown,country geo
eb.ml,ml,active,country geo
ec.ml,ml,undelegated,country geo
ed.ml,ml,undelegated,country geo
ee.ml,ml,undelegated,country geo
ef.ml,ml,undelegated,country geo
eg.ml,ml,undelegated,country geo
eh.ml,ml,undelegated,country geo
ei.ml,ml,undelegated,country geo
ej.ml,ml,undelegated,country geo
ek.ml,ml,undelegated,country geo
el.ml,ml,undelegated,country geo
em.ml,ml,undelegated,country geo
en.ml,ml,undelegated,country geo
eo.ml,ml,undelegated,country geo
ep.ml,ml,undelegated,country geo
eq.ml,ml,undelegated,country geo
er.ml,ml,undelegated,country geo
es.ml,ml,undelegated,country geo
et.ml,ml,undelegated,country geo
eu.ml,ml,undelegated,country geo
ev.ml,ml,undelegated,country geo
ew.ml,ml,undelegated,country geo
ex.ml,ml,undelegated,country geo
ey.ml,ml,undelegated,country geo
ez.ml,ml,,country geo
fa.ml,ml,undelegated,country geo
fb.ml,ml,undelegated,country geo
fc.ml,ml,undelegated,country geo
fd.ml,ml,undelegated,country geo
fe.ml,ml,undelegated,country geo
ff.ml,ml,undelegated,country geo
fg.ml,ml,undelegated,country geo
fh.ml,ml,undelegated,country geo
fi.ml,ml,undelegated,country geo
fj.ml,ml,undelegated,country geo
fk.ml,ml,undelegated,country geo
fl.ml,ml,undelegated,country geo
fm.ml,ml,undelegated,country geo
fn.ml,ml,undelegated,country geo
fo.ml,ml,undelegated,country geo
fp.ml,ml,undelegated,country geo
fq.ml,ml,undelegated,country geo
fr.ml,ml,undelegated,country geo
fs.ml,ml,undelegated,country geo
ft.ml,ml,undelegated,country geo
fu.ml,ml,undelegated,country geo
fv.ml,ml,undelegated,country geo
fw.ml,ml,undelegated,country geo
fx.ml,ml,undelegated,country geo
fy.ml,ml,undelegated,country geo
fz.ml,ml,undelegated,country geo
ga.ml,ml,undelegated,country geo
gb.ml,ml,undelegated,country geo
gc.ml,ml,undelegated,country geo
gd.ml,ml,undelegated,country geo
ge.ml,ml,undelegated,country geo
gf.ml,ml,undelegated,country geo
gg.ml,ml,undelegated,country geo
gh.ml,ml,undelegated,country geo
gi.ml,ml,undelegated,country geo
gj.ml,ml,undelegated,country geo
gk.ml,ml,undelegated,country geo
gl.ml,ml,undelegated,country geo
gm.ml,ml,undelegated,country geo
gn.ml,ml,undelegated,country geo
go.ml,ml,marketed active parked,country geo
gp.ml,ml,undelegated,country geo
gq.ml,ml,undelegated,country geo
gr.ml,ml,undelegated,country geo
gs.ml,ml,undelegated,country geo
gt.ml,ml,undelegated,country geo
gu.ml,ml,undelegated,country geo
gv.ml,ml,undelegated,country geo
gw.ml,ml,undelegated,country geo
gx.ml,ml,undelegated,country geo
gy.ml,ml,undelegated,country geo
gz.ml,ml,undelegated,country geo
ha.ml,ml,undelegated,country geo
hb.ml,ml,undelegated,country geo
hc.ml,ml,undelegated,country geo
hd.ml,ml,unknown,country geo
he.ml,ml,undelegated,country geo
hf.ml,ml,undelegated,country geo
hg.ml,ml,undelegated,country geo
hh.ml,ml,undelegated,country geo
hi.ml,ml,undelegated,country geo
hj.ml,ml,undelegated,country geo
hk.ml,ml,undelegated,country geo
hl.ml,ml,undelegated,country geo
hm.ml,ml,undelegated,country geo
hn.ml,ml,undelegated,country geo
ho.ml,ml,undelegated,country geo
hp.ml,ml,undelegated,country geo
hq.ml,ml,undelegated,country geo
hr.ml,ml,unknown,country geo
hs.ml,ml,undelegated,country geo
ht.ml,ml,active,country geo
hu.ml,ml,undelegated,country geo
hv.ml,ml,undelegated,country geo
hw.ml,ml,undelegated,country geo
hx.ml,ml,undelegated,country geo
hy.ml,ml,undelegated,country geo
hz.ml,ml,unknown,country geo
ia.ml,ml,undelegated,country geo
ib.ml,ml,undelegated,country geo
ic.ml,ml,undelegated,country geo
id.ml,ml,undelegated,country geo
ie.ml,ml,undelegated,country geo
if.ml,ml,,country geo
ig.ml,ml,undelegated,country geo
ih.ml,ml,undelegated,country geo
ii.ml,ml,undelegated,country geo
ij.ml,ml,undelegated,country geo
ik.ml,ml,undelegated,country geo
il.ml,ml,undelegated,country geo
im.ml,ml,undelegated,country geo
in.ml,ml,undelegated,country geo
io.ml,ml,undelegated,country geo
ip.ml,ml,undelegated,country geo
iq.ml,ml,unknown,country geo
ir.ml,ml,unknown,country geo
is.ml,ml,undelegated,country geo
it.ml,ml,undelegated,country geo
iu.ml,ml,undelegated,country geo
iv.ml,ml,undelegated,country geo
iw.ml,ml,,country geo
ix.ml,ml,undelegated,country geo
iy.ml,ml,undelegated,country geo
iz.ml,ml,undelegated,country geo
ja.ml,ml,undelegated,country geo
jb.ml,ml,undelegated,country geo
jc.ml,ml,undelegated,country geo
jd.ml,ml,undelegated,country geo
je.ml,ml,undelegated,country geo
jf.ml,ml,undelegated,country geo
jg.ml,ml,undelegated,country geo
jh.ml,ml,undelegated,country geo
ji.ml,ml,unknown,country geo
jj.ml,ml,undelegated,country geo
jk.ml,ml,undelegated,country geo
jl.ml,ml,undelegated,country geo
jm.ml,ml,undelegated,country geo
jn.ml,ml,undelegated,country geo
jo.ml,ml,undelegated,country geo
jp.ml,ml,undelegated,country geo
jq.ml,ml,undelegated,country geo
jr.ml,ml,undelegated,country geo
js.ml,ml,undelegated,country geo
jt.ml,ml,,country geo
ju.ml,ml,undelegated,country geo
jv.ml,ml,unknown,country geo
jw.ml,ml,undelegated,country geo
jx.ml,ml,undelegated,country geo
jy.ml,ml,undelegated,country geo
jz.ml,ml,undelegated,country geo
ka.ml,ml,undelegated,country geo
kb.ml,ml,undelegated,country geo
kc.ml,ml,undelegated,country geo
kd.ml,ml,undelegated,country geo
ke.ml,ml,undelegated,country geo
kf.ml,ml,,country geo
kg.ml,ml,undelegated,country geo
kh.ml,ml,undelegated,country geo
ki.ml,ml,undelegated,country geo
kj.ml,ml,undelegated,country geo
kk.ml,ml,undelegated,country geo
kl.ml,ml,undelegated,country geo
km.ml,ml,undelegated,country geo
kn.ml,ml,undelegated,country geo
ko.ml,ml,undelegated,country geo
kp.ml,ml,undelegated,country geo
kq.ml,ml,undelegated,country geo
kr.ml,ml,undelegated,country geo
ks.ml,ml,undelegated,country geo
kt.ml,ml,undelegated,country geo
ku.ml,ml,undelegated,country geo
kv.ml,ml,unknown,country geo
kw.ml,ml,undelegated,country geo
kx.ml,ml,,country geo
ky.ml,ml,undelegated,country geo
kz.ml,ml,undelegated,country geo
la.ml,ml,unknown,country geo
lb.ml,ml,undelegated,country geo
lc.ml,ml,undelegated,country geo
ld.ml,ml,undelegated,country geo
le.ml,ml,undelegated,country geo
lf.ml,ml,undelegated,country geo
lg.ml,ml,undelegated,country geo
lh.ml,ml,undelegated,country geo
li.ml,ml,undelegated,country geo
lj.ml,ml,undelegated,country geo
lk.ml,ml,undelegated,country geo
ll.ml,ml,undelegated,country geo
lm.ml,ml,undelegated,country geo
ln.ml,ml,undelegated,country geo
lo.ml,ml,undelegated,country geo
lp.ml,ml,undelegated,country geo
lq.ml,ml,undelegated,country geo
lr.ml,ml,undelegated,country geo
ls.ml,ml,undelegated,country geo
lt.ml,ml,undelegated,country geo
lu.ml,ml,undelegated,country geo
lv.ml,ml,undelegated,country geo
lw.ml,ml,undelegated,country geo
lx.ml,ml,unknown,country geo
ly.ml,ml,undelegated,country geo
lz.ml,ml,undelegated,country geo
ma.ml,ml,unknown,country geo
mb.ml,ml,,country geo
mc.ml,ml,active,country geo
md.ml,ml,undelegated,country geo
me.ml,ml,undelegated,country geo
mf.ml,ml,undelegated,country geo
mg.ml,ml,undelegated,country geo
mh.ml,ml,undelegated,country geo
mi.ml,ml,undelegated,country geo
mj.ml,ml,undelegated,country geo
mk.ml,ml,undelegated,country geo
ml.ml,ml,active,country geo
mm.ml,ml,unknown,country geo
mn.ml,ml,undelegated,country geo
mo.ml,ml,undelegated,country geo
mp.ml,ml,undelegated,country geo
mq.ml,ml,undelegated,country geo
mr.ml,ml,undelegated,country geo
ms.ml,ml,unknown,country geo
mt.ml,ml,undelegated,country geo
mu.ml,ml,undelegated,country geo
mv.ml,ml,undelegated,country geo
mw.ml,ml,undelegated,country geo
mx.ml,ml,undelegated,country geo
my.ml,ml,marketed active parked,country geo
mz.ml,ml,undelegated,country geo
na.ml,ml,undelegated,country geo
nb.ml,ml,undelegated,country geo
nc.ml,ml,undelegated,country geo
nd.ml,ml,undelegated,country geo
ne.ml,ml,unknown,country geo
nf.ml,ml,undelegated,country geo
ng.ml,ml,active,country geo
nh.ml,ml,undelegated,country geo
ni.ml,ml,undelegated,country geo
nj.ml,ml,undelegated,country geo
nk.ml,ml,undelegated,country geo
nl.ml,ml,undelegated,country geo
nm.ml,ml,undelegated,country geo
nn.ml,ml,unknown,country geo
no.ml,ml,undelegated,country geo
np.ml,ml,undelegated,country geo
nq.ml,ml,undelegated,country geo
nr.ml,ml,unknown,country geo
ns.ml,ml,active,country geo
nt.ml,ml,undelegated,country geo
nu.ml,ml,unknown,country geo
nv.ml,ml,undelegated,country geo
nw.ml,ml,undelegated,country geo
nx.ml,ml,undelegated,country geo
ny.ml,ml,undelegated,country geo
nz.ml,ml,undelegated,country geo
oa.ml,ml,undelegated,country geo
ob.ml,ml,undelegated,country geo
oc.ml,ml,undelegated,country geo
od.ml,ml,unknown,country geo
oe.ml,ml,undelegated,country geo
of.ml,ml,undelegated,country geo
og.ml,ml,undelegated,country geo
oh.ml,ml,undelegated,country geo
oi.ml,ml,undelegated,country geo
oj.ml,ml,undelegated,country geo
ok.ml,ml,undelegated,country geo
ol.ml,ml,undelegated,country geo
om.ml,ml,undelegated,country geo
on.ml,ml,undelegated,country geo
oo.ml,ml,undelegated,country geo
op.ml,ml,undelegated,country geo
oq.ml,ml,undelegated,country geo
or.ml,ml,undelegated,country geo
os.ml,ml,marketed active parked,country geo
ot.ml,ml,undelegated,country geo
ou.ml,ml,undelegated,country geo
ov.ml,ml,unknown,country geo
ow.ml,ml,undelegated,country geo
ox.ml,ml,undelegated,country geo
oy.ml,ml,,country geo
oz.ml,ml,undelegated,country geo
pa.ml,ml,undelegated,country geo
pb.ml,ml,undelegated,country geo
pc.ml,ml,active,country geo
pd.ml,ml,undelegated,country geo
pe.ml,ml,undelegated,country geo
pf.ml,ml,undelegated,country geo
pg.ml,ml,undelegated,country geo
ph.ml,ml,undelegated,country geo
pi.ml,ml,undelegated,country geo
pj.ml,ml,undelegated,country geo
pk.ml,ml,undelegated,country geo
pl.ml,ml,undelegated,country geo
pm.ml,ml,undelegated,country geo
pn.ml,ml,undelegated,country geo
po.ml,ml,undelegated,country geo
pp.ml,ml,undelegated,country geo
pq.ml,ml,undelegated,country geo
pr.ml,ml,unknown,country geo
ps.ml,ml,undelegated,country geo
pt.ml,ml,active,country geo
pu.ml,ml,active,country geo
pv.ml,ml,undelegated,country geo
pw.ml,ml,undelegated,country geo
px.ml,ml,undelegated,country geo
py.ml,ml,unknown,country geo
pz.ml,ml,undelegated,country geo
qa.ml,ml,unknown,country geo
qb.ml,ml,undelegated,country geo
qc.ml,ml,undelegated,country geo
qd.ml,ml,undelegated,country geo
qe.ml,ml,undelegated,country geo
qf.ml,ml,undelegated,country geo
qg.ml,ml,undelegated,country geo
qh.ml,ml,undelegated,country geo
qi.ml,ml,undelegated,country geo
qj.ml,ml,undelegated,country geo
qk.ml,ml,undelegated,country geo
ql.ml,ml,undelegated,country geo
qm.ml,ml,marketed active parked,country geo
qn.ml,ml,undelegated,country geo
qo.ml,ml,undelegated,country geo
qp.ml,ml,undelegated,country geo
qq.ml,ml,unknown,country geo
qr.ml,ml,undelegated,country geo
qs.ml,ml,undelegated,country geo
qt.ml,ml,undelegated,country geo
qu.ml,ml,unknown,country geo
qv.ml,ml,undelegated,country geo
qw.ml,ml,undelegated,country geo
qx.ml,ml,,country geo
qy.ml,ml,undelegated,country geo
qz.ml,ml,undelegated,country geo
ra.ml,ml,undelegated,country geo
rb.ml,ml,undelegated,country geo
rc.ml,ml,undelegated,country geo
rd.ml,ml,undelegated,country geo
re.ml,ml,undelegated,country geo
rf.ml,ml,undelegated,country geo
rg.ml,ml,undelegated,country geo
rh.ml,ml,,country geo
ri.ml,ml,,country geo
rj.ml,ml,undelegated,country geo
rk.ml,ml,undelegated,country geo
rl.ml,ml,,country geo
rm.ml,ml,undelegated,country geo
rn.ml,ml,undelegated,country geo
ro.ml,ml,unknown,country geo
rp.ml,ml,undelegated,country geo
rq.ml,ml,undelegated,country geo
rr.ml,ml,undelegated,country geo
rs.ml,ml,undelegated,country geo
rt.ml,ml,undelegated,country geo
ru.ml,ml,undelegated,country geo
rv.ml,ml,unknown,country geo
rw.ml,ml,undelegated,country geo
rx.ml,ml,undelegated,country geo
ry.ml,ml,undelegated,country geo
rz.ml,ml,undelegated,country geo
sa.ml,ml,undelegated,country geo
sb.ml,ml,undelegated,country geo
sc.ml,ml,undelegated,country geo
sd.ml,ml,undelegated,country geo
se.ml,ml,undelegated,country geo
sf.ml,ml,undelegated,country geo
sg.ml,ml,undelegated,country geo
sh.ml,ml,undelegated,country geo
si.ml,ml,active,country geo
sj.ml,ml,unknown,country geo
sk.ml,ml,undelegated,country geo
sl.ml,ml,undelegated,country geo
sm.ml,ml,undelegated,country geo
sn.ml,ml,undelegated,country geo
so.ml,ml,undelegated,country geo
sp.ml,ml,undelegated,country geo
sq.ml,ml,undelegated,country geo
sr.ml,ml,undelegated,country geo
ss.ml,ml,undelegated,country geo
st.ml,ml,undelegated,country geo
su.ml,ml,undelegated,country geo
sv.ml,ml,undelegated,country geo
sw.ml,ml,undelegated,country geo
sx.ml,ml,undelegated,country geo
sy.ml,ml,undelegated,country geo
sz.ml,ml,undelegated,country geo
ta.ml,ml,undelegated,country geo
tb.ml,ml,undelegated,country geo
tc.ml,ml,undelegated,country geo
td.ml,ml,undelegated,country geo
te.ml,ml,undelegated,country geo
tf.ml,ml,undelegated,country geo
tg.ml,ml,undelegated,country geo
th.ml,ml,undelegated,country geo
ti.ml,ml,undelegated,country geo
tj.ml,ml,undelegated,country geo
tk.ml,ml,undelegated,country geo
tl.ml,ml,undelegated,country geo
tm.ml,ml,undelegated,country geo
tn.ml,ml,undelegated,country geo
to.ml,ml,undelegated,country geo
tp.ml,ml,undelegated,country geo
tq.ml,ml,undelegated,country geo
tr.ml,ml,undelegated,country geo
ts.ml,ml,undelegated,country geo
tt.ml,ml,undelegated,country geo
tu.ml,ml,undelegated,country geo
tv.ml,ml,undelegated,country geo
tw.ml,ml,undelegated,country geo
tx.ml,ml,undelegated,country geo
ty.ml,ml,undelegated,country geo
tz.ml,ml,undelegated,country geo
ua.ml,ml,unknown,country geo
ub.ml,ml,undelegated,country geo
uc.ml,ml,undelegated,country geo
ud.ml,ml,undelegated,country geo
ue.ml,ml,undelegated,country geo
uf.ml,ml,undelegated,country geo
ug.ml,ml,undelegated,country geo
uh.ml,ml,undelegated,country geo
ui.ml,ml,undelegated,country geo
uj.ml,ml,,country geo
uk.ml,ml,undelegated,country geo
ul.ml,ml,undelegated,country geo
um.ml,ml,undelegated,country geo
un.ml,ml,undelegated,country geo
uo.ml,ml,unknown,country geo
up.ml,ml,undelegated,country geo
uq.ml,ml,undelegated,country geo
ur.ml,ml,undelegated,country geo
us.ml,ml,undelegated,country geo
ut.ml,ml,undelegated,country geo
uu.ml,ml,undelegated,country geo
uv.ml,ml,undelegated,country geo
uw.ml,ml,undelegated,country geo
ux.ml,ml,undelegated,country geo
uy.ml,ml,undelegated,country geo
uz.ml,ml,undelegated,country geo
va.ml,ml,active,country geo
vb.ml,ml,undelegated,country geo
vc.ml,ml,undelegated,country geo
vd.ml,ml,undelegated,country geo
ve.ml,ml,undelegated,country geo
vf.ml,ml,undelegated,country geo
vg.ml,ml,undelegated,country geo
vh.ml,ml,undelegated,country geo
vi.ml,ml,unknown,country geo
vj.ml,ml,undelegated,country geo
vk.ml,ml,undelegated,country geo
vl.ml,ml,,country geo
vm.ml,ml,undelegated,country geo
vn.ml,ml,undelegated,country geo
vo.ml,ml,undelegated,country geo
vp.ml,ml,undelegated,country geo
vq.ml,ml,undelegated,country geo
vr.ml,ml,undelegated,country geo
vs.ml,ml,undelegated,country geo
vt.ml,ml,undelegated,country geo
vu.ml,ml,undelegated,country geo
vv.ml,ml,undelegated,country geo
vw.ml,ml,active,country geo
vx.ml,ml,undelegated,country geo
vy.ml,ml,undelegated,country geo
vz.ml,ml,undelegated,country geo
wa.ml,ml,undelegated,country geo
wb.ml,ml,undelegated,country geo
wc.ml,ml,undelegated,country geo
wd.ml,ml,undelegated,country geo
we.ml,ml,undelegated,country geo
wf.ml,ml,undelegated,country geo
wh.ml,ml,undelegated,country geo
wi.ml,ml,unknown,country geo
wj.ml,ml,undelegated,country geo
wk.ml,ml,undelegated,country geo
wl.ml,ml,undelegated,country geo
wm.ml,ml,undelegated,country geo
wn.ml,ml,undelegated,country geo
wo.ml,ml,undelegated,country geo
wp.ml,ml,undelegated,country geo
wq.ml,ml,undelegated,country geo
wr.ml,ml,unknown,country geo
ws.ml,ml,undelegated,country geo
wt.ml,ml,undelegated,country geo
wu.ml,ml,undelegated,country geo
wv.ml,ml,undelegated,country geo
ww.ml,ml,undelegated,country geo
wx.ml,ml,undelegated,country geo
wy.ml,ml,undelegated,country geo
wz.ml,ml,undelegated,country geo
xa.ml,ml,undelegated,country geo
xb.ml,ml,undelegated,country geo
xc.ml,ml,undelegated,country geo
xd.ml,ml,undelegated,country geo
xe.ml,ml,undelegated,country geo
xf.ml,ml,undelegated,country geo
xg.ml,ml,,country geo
xh.ml,ml,undelegated,country geo
xi.ml,ml,undelegated,country geo
xj.ml,ml,undelegated,country geo
xk.ml,ml,undelegated,country geo
xl.ml,ml,undelegated,country geo
xm.ml,ml,undelegated,country geo
xn.ml,ml,undelegated,country geo
xo.ml,ml,undelegated,country geo
xp.ml,ml,undelegated,country geo
xq.ml,ml,undelegated,country geo
xr.ml,ml,undelegated,country geo
xs.ml,ml,undelegated,country geo
xt.ml,ml,undelegated,country geo
xu.ml,ml,undelegated,country geo
xv.ml,ml,undelegated,country geo
xw.ml,ml,undelegated,country geo
xx.ml,ml,undelegated,country geo
xy.ml,ml,undelegated,country geo
xz.ml,ml,undelegated,country geo
ya.ml,ml,undelegated,country geo
yb.ml,ml,,country geo
yc.ml,ml,undelegated,country geo
yd.ml,ml,undelegated,country geo
ye.ml,ml,undelegated,country geo
yf.ml,ml,undelegated,country geo
yg.ml,ml,undelegated,country geo
yh.ml,ml,unknown,country geo
yi.ml,ml,undelegated,country geo
yj.ml,ml,undelegated,country geo
yk.ml,ml,,country geo
yl.ml,ml,undelegated,country geo
ym.ml,ml,undelegated,country geo
yn.ml,ml,undelegated,country geo
yo.ml,ml,undelegated,country geo
yp.ml,ml,undelegated,country geo
yq.ml,ml,undelegated,country geo
yr.ml,ml,undelegated,country geo
ys.ml,ml,undelegated,country geo
yt.ml,ml,undelegated,country geo
yu.ml,ml,undelegated,country geo
yv.ml,ml,undelegated,country geo
yw.ml,ml,undelegated,country geo
yx.ml,ml,undelegated,country geo
yy.ml,ml,undelegated,country geo
yz.ml,ml,undelegated,country geo
za.ml,ml,undelegated,country geo
zb.ml,ml,undelegated,country geo
zc.ml,ml,undelegated,country geo
zd.ml,ml,undelegated,country geo
ze.ml,ml,undelegated,country geo
zf.ml,ml,undelegated,country geo
zg.ml,ml,undelegated,country geo
zh.ml,ml,undelegated,country geo
zi.ml,ml,undelegated,country geo
zj.ml,ml,undelegated,country geo
zk.ml,ml,active,country geo
zl.ml,ml,undelegated,country geo
zm.ml,ml,undelegated,country geo
zn.ml,ml,undelegated,country geo
zo.ml,ml,undelegated,country geo
zp.ml,ml,undelegated,country geo
zq.ml,ml,undelegated,country geo
zr.ml,ml,undelegated,country geo
zs.ml,ml,undelegated,country geo
zt.ml,ml,undelegated,country geo
zu.ml,ml,undelegated,country geo
zv.ml,ml,undelegated,country geo
zw.ml,ml,undelegated,country geo
zx.ml,ml,undelegated,country geo
zy.ml,ml,unknown,country geo
zz.ml,ml,undelegated,country geo
