domain,url,text
a.ac,http://a.ac,404 Not Found Home Write us
a.ad,http://a.ad,565 Proxy Handshake Failed 565 Proxy Handshake Failed The exit node has timed out. Please try again shortly or contact support if this error persists.
a.ae,http://a.ae,565 Proxy Handshake Failed 565 Proxy Handshake Failed The exit node has timed out. Please try again shortly or contact support if this error persists.
a.af,http://a.af,"Custom Domain by Bitly Skip Navigation Menu Products Bitly LinksCustomize, share, and track links Bitly CodesDynamic solutions to fit every business need Solutions RetailEnhance customer engagement Consumer Packaged GoodsConnect directly with consumers Media & EntertainmentCreate interactive experiences Tech Software & HardwareImprove product education HospitalityStreamline guest services Pricing (pre q3 2024) Resources DevelopersAPI documentation and resources BlogTips, best practices and more Resource LibraryEbooks and webinars Apps and IntegrationsConnect Bitly with existing tools and discover new ones SupportFAQs and help articles Trust CenterPolicies, resources and tools to keep you safe Log in Get a Quote Sign up Free Looking for something? You’ve stumbled on the secret of the custom domain (it’s what really smart people use to make high-performing, branded links.) Not the page you were looking for? Make sure everything is typed correctly. If you’re still having trouble getting to your destination, we suggest reaching out to the person or organization that shared it with you. Want to create a short link? Did you know? Custom domains get 2.3x more clicks! Claim a domain like this one and watch your clicks multiply. Show me my options Loved by big and small brands everywhere Start now: Short Link QR Code Create a Short Link Create a QR Code Shorten a URL Enter your URL destination Create a QR Code Note: This is a standard QR Code preview. Enter your QR Code destination WAIT A SECOND…Want to try Bitly for free?Take Bitly for a spin with our free plan. It’s 100% free—no commitment, no risk and no pressure. Use Bitly’s free plan as long as you wantNo credit card needed Multiple upgrade options when you’re ready See why millions of people trust Bitly with their links, QR Codes and analytics. Try Bitly for free"
a.ag,http://a.ag,565 Proxy Handshake Failed 565 Proxy Handshake Failed The exit node has timed out. Please try again shortly or contact support if this error persists.
a.ai,http://a.ai,"aidotcom | Instagram | Linktree@aidotcomNo Title, No Job, No Description. Full Stop.🇲🇾 Malaysia 🇲🇾WhatsApp (MY)WhatsApp (MY)Business AccountTelegram (MY) @xaix2kTelegram (MY) @xaix2kYou can contact @xaix2k right away.🇺🇸 USA 🇺🇸WhatsApp (US)WhatsApp (US)WhatsApp Messenger: More than 2 billion people in over 180 countries use WhatsApp to stay in touch with friends and family, anytime and anywhere. WhatsApp is free and offers simple, secure, reliable messaging and calling, available on phones all over the world.Telegram (US) @nyckingTelegram (US) @nyckingYou can contact @nycking right away.Cookie Preferences·Report·PrivacyView on mobile"
a.al,http://a.al,565 Proxy Handshake Failed 565 Proxy Handshake Failed The exit node has timed out. Please try again shortly or contact support if this error persists.
a.am,http://a.am,Index of / Index of / NameLast modifiedSizeDescription cgi-bin/ 2012-08-08 01:24 - google25d6c0c0386da4..>2012-08-08 01:43 53
a.an,http://a.an,565 Proxy Handshake Failed 565 Proxy Handshake Failed The exit node has timed out. Please try again shortly or contact support if this error persists.
a.ao,http://a.ao,565 Proxy Handshake Failed 565 Proxy Handshake Failed The exit node has timed out. Please try again shortly or contact support if this error persists.
a.aq,http://a.aq,565 Proxy Handshake Failed 565 Proxy Handshake Failed The exit node has timed out. Please try again shortly or contact support if this error persists.
a.ar,http://a.ar,"For Sale Page Domain for sale A.AR Free transaction support Secure payments Spaceship reliability Listed with spaceship.com get this domain Buy now $100,000 Make offer $ Your offer must be higher than the seller’s minimum price. Payment methods Next Please select one of the options above You will be redirected to spaceship.com Listed with spaceship.com Your personal information Close Fill-in your basic information to submit the offer for A.AR First name Last name Email Phone Number 000 Select country Close After entering your personal info you will be redirected to spaceship.com where you can negotiate the purchase of this domain. Submit offer We are almost there Close The domain you are trying to purchase is listed on spaceship.com. You will now be redirected to Spaceship, where you can pay and finalize your purchase. Continue"
a.as,http://a.as,565 Proxy Handshake Failed 565 Proxy Handshake Failed The exit node has timed out. Please try again shortly or contact support if this error persists.
a.at,http://a.at,"Handy - Festnetz - Internet - Mobiles Internet - TV | A1.net Hilfe & Kontakt Live Shop Shop finden & Termin buchen Mein A1 App A1 Blog Verantwortung A1 Chat A1 Chat Cookie Einstellungen Mach's dir unendlich schön. Jetzt mit Top 5G Smartphones und unlimitierten Daten. Zum Angebot Willkommen! Wofür interessieren Sie sich heute? Passenden Handytarif für mich finden. Alle Handytarife Schnell und verlässlich zu Hause surfen. Alle Internettarife Die besten Serien und Filme jederzeit streamen. TV-Angebote Sicher online surfen & shoppen. Security & Mehr Aktuelle Angebote iPhone 17 Pro Alles auf Pro. Jetzt bestellen Gratis PS5 Digital Nur für kurze Zeit: schon ab Internet 100. Ihr Geschenk** zum A1 Internet. Zu Internet + PS5 Unlimitierte Daten. Unlimitiertes Scrollen. Dein A1 Xcite Jugendtarif für alle unter 26. Zum Handy-Angebot Cube Internet Einfach einstecken & lossurfen. Jetzt 6 Monate gratis* & danach -20% auf das Grundentgelt. Zum Angebot *Rechtsinformation: Gratis PS5: Ab Internet 100 (ab € 32,90/Monat) und 24 Monaten Bindung. Gültig bis 18.12. und nur solange der Vorrat reicht.  Cube Internet: Bindung 24 Monate. Reduziertes Grundentgelt für 24 Monate. zB A1 Cube Internet 50 für 6 Monate um € 0, ab 7. Monat € 22,32, ab 25. Monat € 27,90. Nur gültig für Neukunden. Internet mit Geschenk: Ab A1 Internet 150 um € 42,90 monatlich und 24 Monaten Bindung. Solange der Vorrat reicht. Entdecken Sie alle Angebote Alle Handy, Internet und TV-Angebote finden Sie auf unserer Übersichtsseite. Alle Angebote entdecken Meine Angebote Für unsere bestehenden Kunden gibt's laufend persönliche Angebote. Zu meinen Angeboten Next Handy des Monats Nur im November: Das Samsung Galaxy S25 FE bis zu € 110,- günstiger. Zum Angebot Schneller im Internet Prüfen Sie jetzt, wie viel Speed bei Ihnen möglich ist. Los geht's WLAN-Verstärker Für perfekten WLAN-Empfang in allen Räumen & über mehrere Stockwerke. Mehr Infos Xmas Aktionen, Meine Angebote in Aktion Meine Angebote A1 Adventkalender Türchen öffne dich! Ab 1. Dezember können Sie in der Mein A1 App täglich tolle Preise gewinnen. Mehr Infos Deine Welt aus Unterhaltung: Tauche ein in unvergessliche Momente – von packenden Serien bis hin zu atemberaubenden Blockbustern. Dein Lieblings-Entertainment. Überall. Netflix bei A1 Preisgekrönte Filme, Serien und mehr.  Jetzt Netflix Basis-Abo um € 8,99/Monat anmelden. Zum Angebot A1 Xplore TV M Jetzt 12 Monate zum halben Preis. Zum Angebot *€ 4,95 monatlich für A1 Xplore TV und Stream M in den ersten 12 Monaten, danach € 9,90 monatlich. Service & Kontakt Webmail Rechnung einsehen Bestellstatus abfragen Speedtest starten Webmail Rechnung einsehen Bestellstatus abfragen Speedtest starten Alles rund um meinen Vertrag Rechnungen einsehen Vertrag verwalten Persönliche Daten verwalten Zu meinen Daten Kontakt & Hilfe Kontakt Shop finden Rückruf buchen Kontakt aufnehmen Mein A1 App Tarife verwalten Kosten kontrollieren WLAN optimieren Infos zur Mein A1 App Zurück Weiter A1 Smile Gewinnspiele in der Mein A1 App Bereit für einzigartige Überraschungen? Entdecken Sie jetzt zahlreiche Benefits & Gewinnspiele für treue A1 Kunden – exklusiv im Vorteile Bereich der Mein A1 App! Geburtstag feiern Gewinnen Sie im Vorteile Bereich der Mein A1 App ein Geburtstagspaket für 5 Kinder im JUMP DOME in Ihrer Nähe! App herunterladen Spielend groß werden Fördern Sie Entwicklung mit nachhaltigem Spielzeug made in Austria und gewinnen Sie Produkte Ihrer Wahl im Wert von 50 € aus dem Sortiment von HANNIline. App herunterladen Nur für Cineasten Gewinnen Sie eine von 3 Surprise-Filmliebhaber-Boxen zu unterschiedlichen Filmen von LEONINE. Perfekt für Ihren nächsten Filmabend! App herunterladen Weitere A1 Smile Vorteile Treuen Kunden verbunden: Entdecken Sie alle Gewinnspiele, Überraschungen und Benefits der A1 Smile Vorteilswelt. Jetzt entdecken Zurück Weiter Top Smartphones & Geräte Die neueste Technik perfekt für Ihren Alltag. iPhone 17 Pro Alles auf Pro. iPhone 17 Pro Google Pixel 10 Pro Der neue Status Pro. Google Pixel 10 Pro Apple AirPods Pro 2 Der neueste Sound. Apple AirPods Pro 2 WLAN-Verstärker Das beste WLAN in jedem Raum. Mesh WLAN Entdecken Sie alle Smartphones Zu allen Smartphones Jetzt das gesamte Zubehör entdecken Zum Zubehör Zurück Weiter Inspirationen für Ihr Internet Mehr aus Ihrem Internet herausholen – für ein vernetztes Zuhause. Mesh WLAN Verstärker. Nie wieder Verbindungsabbrüche, lange Ladezeiten beim Surfen oder Ruckeln beim Video-Streaming: A1 Mesh WLAN sorgt für perfekten WLAN-Empfang in allen Räumen und über mehrere Stockwerke. Internet Speed Jetzt Speed checken und das meiste aus Ihrem Internet herausholen. Internet Glasfaser Hallo, Zukunft: Diese Schritte braucht’s für den A1 Glasfaser Hausanschluss Internet WLAN WLAN optimieren mit der Mein A1 App Internet Umzug Wir sorgen dafür, dass Sie Ihr Festnetz-Internet, TV und Telefon ab dem ersten Tag im neuen Zuhause oder Büro nutzen können. Ihre Vorteile bei A1 Kostenlose Sicherheits-Serviceline Sicher Shoppen Onlinebonus 14 Tage Rücktrittsrecht Online Chat Kostenloser Versand Testsieger Mein A1 App Zurück Weiter A1 Chat Chat starten Chat nicht verfügbar"
a.au,,
a.aw,http://a.aw,565 Proxy Handshake Failed 565 Proxy Handshake Failed The exit node has timed out. Please try again shortly or contact support if this error persists.
a.ax,http://a.ax,565 Proxy Handshake Failed 565 Proxy Handshake Failed The exit node has timed out. Please try again shortly or contact support if this error persists.
a.az,http://a.az,565 Proxy Handshake Failed 565 Proxy Handshake Failed The exit node has timed out. Please try again shortly or contact support if this error persists.
a.ba,http://a.ba,565 Proxy Handshake Failed 565 Proxy Handshake Failed The exit node has timed out. Please try again shortly or contact support if this error persists.
a.bb,http://a.bb,565 Proxy Handshake Failed 565 Proxy Handshake Failed The exit node has timed out. Please try again shortly or contact support if this error persists.
a.bd,http://a.bd,565 Proxy Handshake Failed 565 Proxy Handshake Failed The exit node has timed out. Please try again shortly or contact support if this error persists.
a.be,http://a.be,565 Proxy Handshake Failed 565 Proxy Handshake Failed The exit node has timed out. Please try again shortly or contact support if this error persists.
a.bf,http://a.bf,565 Proxy Handshake Failed 565 Proxy Handshake Failed The exit node has timed out. Please try again shortly or contact support if this error persists.
a.bg,http://a.bg,565 Proxy Handshake Failed 565 Proxy Handshake Failed The exit node has timed out. Please try again shortly or contact support if this error persists.
a.bh,http://a.bh,565 Proxy Handshake Failed 565 Proxy Handshake Failed The exit node has timed out. Please try again shortly or contact support if this error persists.
a.bi,http://a.bi,565 Proxy Handshake Failed 565 Proxy Handshake Failed The exit node has timed out. Please try again shortly or contact support if this error persists.
a.bj,http://a.bj,565 Proxy Handshake Failed 565 Proxy Handshake Failed The exit node has timed out. Please try again shortly or contact support if this error persists.
a.bm,http://a.bm,565 Proxy Handshake Failed 565 Proxy Handshake Failed The exit node has timed out. Please try again shortly or contact support if this error persists.
a.bn,http://a.bn,565 Proxy Handshake Failed 565 Proxy Handshake Failed The exit node has timed out. Please try again shortly or contact support if this error persists.
a.bo,,
a.br,http://a.br,565 Proxy Handshake Failed 565 Proxy Handshake Failed The exit node has timed out. Please try again shortly or contact support if this error persists.
a.bs,http://a.bs,478 Destination Host Does Not Exist 478 Destination Host Does Not Exist The exit node could not find the destination host.
a.bt,http://a.bt,565 Proxy Handshake Failed 565 Proxy Handshake Failed The exit node has timed out. Please try again shortly or contact support if this error persists.
a.bv,http://a.bv,565 Proxy Handshake Failed 565 Proxy Handshake Failed The exit node has timed out. Please try again shortly or contact support if this error persists.
a.bw,http://a.bw,"Avi Ginsberg – Lawyer. Skier. Programmer. Domainer. CEO. Sushi Lover. Avi Ginsberg Lawyer. Skier. Programmer. Domainer. CEO. Sushi Lover. Home Resume Hobbies & Interests Domaining Skiing Projects Education GitHub Profile Contact Home Resume Hobbies & Interests Domaining Skiing Projects Education GitHub Profile Contact Hi! I’m Avi Ginsberg. Welcome to my personal site. This will eventually be a portfolio of my various projects and somewhat of a bio site. It is currently a work in progress. I’m truly passionate about creating, helping others, and trying to make the world a better place. I enjoy working with computers because they are tools that can be programmed to help solve problems. Nothing makes me happier than making someone’s life better, happier, or easier. If you are looking for my attorney profile, please visit Avi.attorney. If you are looking for my country code domain name registrar company please head over to AviFoxLLC.com."
a.by,http://a.by,565 Proxy Handshake Failed 565 Proxy Handshake Failed The exit node has timed out. Please try again shortly or contact support if this error persists.
a.bz,http://a.bz,565 Proxy Handshake Failed 565 Proxy Handshake Failed The exit node has timed out. Please try again shortly or contact support if this error persists.
a.ca,http://a.ca,565 Proxy Handshake Failed 565 Proxy Handshake Failed The exit node has timed out. Please try again shortly or contact support if this error persists.
a.cc,http://a.cc,星驿动官网-武汉星驿动网络科技有限公司，业内领先的网红经纪公司 | HOME 娱乐直播直播行业十大公会之一，斗鱼平台战略合作伙伴 娱乐TOP级公会，签约主播数万名。 平面模特平面模特及网红培训行业领先者，十年磨砺，华中老牌模特公司，签约模特5000余人。 MCN网红数年网红孵化经验，武汉领先的专业MCN机构。孵化网红达人1000余人。 淘宝直播有大量的线上线下供货渠道，专业的直播运营团队。 签约艺人 / CASE+ 查看更多 模特主播网红淘宝直播 我为星驿动代言+ 查看更多 王牌艺人 　/　早安酱ii+ 查看更多 高颜值主播，新浪微博红人，女神范儿十足，直播时擅长唱歌及话题聊天曾荣获斗鱼2018年娱乐盛典十大守护天使，2019年粉丝节钻石联赛分区冠军颜值区第一位达到满级的主播 王牌艺人 　/　林CUTE+ 查看更多 高颜值主播，外表可爱，声音好听，直播时擅长唱歌及话题聊天中央音乐学院14级学生，新浪微博红人、新浪直播红人、蘑菇街红人曾获得精英爵士舞大赛新人奖。 王牌艺人 　/　珂珂宝+ 查看更多 高颜值主播，外表可爱，声音好听，直播时擅长唱歌及话题聊天中央音乐学院14级学生，新浪微博红人、新浪直播红人、蘑菇街红人曾获得精英爵士舞大赛新人奖。 我们的合作伙伴　/　PARTNER+ 查看更多 我们重视我们的每一个对话者，以确保业务合作关系的质量 欢迎加入我们　/　JOIN 武汉 武汉 长沙 杭州 杭州 西安 培训课程　/　TRAINING COURSE+ 查看更多 星驿动致力于模特、主播、MCN、网红KOL，整体提升、包装推广机构；系统专业的培训，让旗下艺人更具竞争力，老师严谨、负责；课程历经十年磨砺；我们能让你破茧成蝶，从零走向人生巅峰；我们不玩虚的，我们是星驿动！ g鄂公安备案 鄂ICP备20006839号-2 鄂公网安备42010202002608号 由起飞页自助建站提供技术支持 仿站小工具
a.cd,http://a.cd,565 Proxy Handshake Failed 565 Proxy Handshake Failed The exit node has timed out. Please try again shortly or contact support if this error persists.
a.cf,http://a.cf,478 Destination Host Does Not Exist 478 Destination Host Does Not Exist The exit node could not find the destination host.
a.cg,,
a.ch,http://a.ch,565 Proxy Handshake Failed 565 Proxy Handshake Failed The exit node has timed out. Please try again shortly or contact support if this error persists.
a.ci,http://a.ci,565 Proxy Handshake Failed 565 Proxy Handshake Failed The exit node has timed out. Please try again shortly or contact support if this error persists.
a.ck,http://a.ck,565 Proxy Handshake Failed 565 Proxy Handshake Failed The exit node has timed out. Please try again shortly or contact support if this error persists.
a.cl,,
